{
    "orders": [
        {
            "item": "item_72",
            "quantity": "81",
            "price": "2",
            "buyer": "buyer_38",
            "date": "2009-05-26"
        },
        {
            "item": "item_17",
            "quantity": "73",
            "price": "81",
            "buyer": "buyer_96",
            "date": "2005-01-05"
        },
        {
            "item": "item_8",
            "quantity": "43",
            "price": "84",
            "buyer": "buyer_80",
            "date": "2005-09-02"
        },
        {
            "item": "item_54",
            "quantity": "65",
            "price": "34",
            "buyer": "buyer_67",
            "date": "2020-09-07"
        },
        {
            "item": "item_16",
            "quantity": "57",
            "price": "74",
            "buyer": "buyer_61",
            "date": "2007-04-13"
        },
        {
            "item": "item_49",
            "quantity": "81",
            "price": "49",
            "buyer": "buyer_70",
            "date": "2011-04-03"
        },
        {
            "item": "item_75",
            "quantity": "54",
            "price": "88",
            "buyer": "buyer_30",
            "date": "2019-06-07"
        },
        {
            "item": "item_75",
            "quantity": "52",
            "price": "2",
            "buyer": "buyer_75",
            "date": "2009-01-15"
        },
        {
            "item": "item_1",
            "quantity": "69",
            "price": "54",
            "buyer": "buyer_63",
            "date": "2016-10-01"
        },
        {
            "item": "item_50",
            "quantity": "99",
            "price": "61",
            "buyer": "buyer_4",
            "date": "2020-02-08"
        },
        {
            "item": "item_48",
            "quantity": "92",
            "price": "69",
            "buyer": "buyer_40",
            "date": "2015-04-03"
        },
        {
            "item": "item_50",
            "quantity": "88",
            "price": "51",
            "buyer": "buyer_85",
            "date": "2006-04-25"
        },
        {
            "item": "item_31",
            "quantity": "67",
            "price": "48",
            "buyer": "buyer_41",
            "date": "2009-10-08"
        },
        {
            "item": "item_80",
            "quantity": "45",
            "price": "24",
            "buyer": "buyer_97",
            "date": "2016-01-03"
        },
        {
            "item": "item_26",
            "quantity": "11",
            "price": "10",
            "buyer": "buyer_60",
            "date": "2007-08-23"
        },
        {
            "item": "item_12",
            "quantity": "56",
            "price": "14",
            "buyer": "buyer_52",
            "date": "2006-06-23"
        },
        {
            "item": "item_58",
            "quantity": "99",
            "price": "86",
            "buyer": "buyer_66",
            "date": "2010-10-20"
        },
        {
            "item": "item_20",
            "quantity": "28",
            "price": "20",
            "buyer": "buyer_68",
            "date": "2015-11-21"
        },
        {
            "item": "item_26",
            "quantity": "2",
            "price": "37",
            "buyer": "buyer_77",
            "date": "2015-09-19"
        },
        {
            "item": "item_12",
            "quantity": "83",
            "price": "4",
            "buyer": "buyer_87",
            "date": "2010-05-18"
        },
        {
            "item": "item_2",
            "quantity": "9",
            "price": "29",
            "buyer": "buyer_76",
            "date": "2012-11-06"
        }
    ]
}